{
  "set": {
    "DesertPavilionChronicle": 0.0050787728026534,
    "EmblemOfSeveredFate": 0.15298507462686567,
    "HuskOfOpulentDreams": 0.037201147042564955,
    "TenacityOfTheMillelith": 0.08823072139303482,
    "TheExile": 0.003083540630182421,
    "MaidenBeloved": 0.010641238253178552,
    "ThunderingFury": 0.03837582918739635,
    "WanderersTroupe": 0.03743435599778883,
    "ViridescentVenerer": 0.1027587755666114,
    "NoblesseOblige": 0.12072450248756218,
    "DeepwoodMemories": 0.07660482310668879,
    "FlowerOfParadiseLost": 0.0020470563847429517,
    "GildedDreams": 0.04871475953565506,
    "OceanHuedClam": 0.03326250690989497,
    "ShimenawasReminiscence": 0.03823763128800442,
    "HeartOfDepth": 0.040440160309563294,
    "BlizzardStrayer": 0.03089586788280818,
    "VermillionHereafter": 0.006858070757324489,
    "GladiatorsFinale": 0.05123687119955777,
    "CrimsonWitchOfFlames": 0.0357500690989497,
    "Instructor": 0.003601782752902156,
    "RetracingBolide": 0.0027553206191265893,
    "ArchaicPetra": 0.014225746268656716,
    "EchoesOfAnOffering": 0.00777363184079602,
    "BloodstainedChivalry": 0.0019952321724709785,
    "PaleFlame": 0.006167081260364842,
    "Thundersoother": 0.0016670121614151465,
    "Lavawalker": 0.0004750552791597568,
    "TravelingDoctor": 0.0000777363184079602,
    "Adventurer": 0.0003109452736318408,
    "DefendersWill": 0.0000777363184079602,
    "Scholar": 0.0000777363184079602,
    "Berserker": 0.0001554726368159204,
    "BraveHeart": 0.0000777363184079602
  },
  "slot": {
    "sands": {
      "atk_": 0.3151979361444699,
      "enerRech_": 0.19773615846890719,
      "def_": 0.045576809623326366,
      "hp_": 0.2175047746657734,
      "eleMas": 0.22398432109752317
    },
    "goblet": {
      "anemo_dmg_": 0.060555761096723226,
      "def_": 0.02148849580529363,
      "hp_": 0.15849890507664463,
      "geo_dmg_": 0.06214564980451368,
      "cryo_dmg_": 0.052606317557770954,
      "electro_dmg_": 0.10597258191926565,
      "eleMas": 0.14277000609957302,
      "pyro_dmg_": 0.11557190996630236,
      "dendro_dmg_": 0.06631535792494525,
      "hydro_dmg_": 0.1440199186056976,
      "atk_": 0.06271560990730649,
      "physical_dmg_": 0.007339486235963482
    },
    "circlet": {
      "critDMG_": 0.2990690651654384,
      "atk_": 0.033687641865069444,
      "def_": 0.015608907376483646,
      "hp_": 0.10504264701470897,
      "critRate_": 0.32313738038337314,
      "eleMas": 0.1504194706370554,
      "heal_": 0.07303488755787095
    },
    "flower": {
      "hp": 1
    },
    "plume": {
      "atk": 1
    }
  },
  "substat": {
    "critDMG_": 0.2020164095220632,
    "critRate_": 0.21158038424709166,
    "atk_": 0.1094734574961945,
    "atk": 0.030129721957849822,
    "enerRech_": 0.19311894429552273,
    "def_": 0.013766768243878446,
    "def": 0.006863010469147013,
    "hp_": 0.07443950625907719,
    "hp": 0.03475745166350875,
    "eleMas": 0.12385434584566667
  },
  "association": {
    "critDMG_": {
      "critRate_": 0.1410319751063959,
      "atk_": 0.06715509096740083,
      "atk": 0.014449038319855076,
      "enerRech_": 0.09573896386440267,
      "hp_": 0.02493694255922199,
      "hp": 0.006238569484532508,
      "def_": 0.0064032555841589305,
      "def": 0.0023619453762210607,
      "eleMas": 0.06115921678758093
    },
    "critRate_": {
      "critDMG_": 0.1410319751063959,
      "atk_": 0.06850291667750127,
      "atk": 0.01419334148096142,
      "enerRech_": 0.1032365152421319,
      "hp_": 0.028024806927217413,
      "hp": 0.007787918974438984,
      "def_": 0.007909266626795294,
      "def": 0.0031767081848991514,
      "eleMas": 0.06403472276395282
    },
    "atk_": {
      "critDMG_": 0.06715509096740083,
      "critRate_": 0.06850291667750127,
      "atk": 0.009644971439963249,
      "enerRech_": 0.0477004619878479,
      "def_": 0.0011549696197484638,
      "def": 0.000340206811070373,
      "hp_": 0.008325315720588363,
      "hp": 0.002769326780560106,
      "eleMas": 0.02623926289968883
    },
    "atk": {
      "critDMG_": 0.014449038319855076,
      "critRate_": 0.01419334148096142,
      "atk_": 0.009644971439963249,
      "def_": 0.0002947014414367562,
      "def": 0.0004940582988792677,
      "hp_": 0.002034740099331721,
      "hp": 0.0030921982127224347,
      "enerRech_": 0.00916608159762852,
      "eleMas": 0.004951417600610205
    },
    "enerRech_": {
      "atk_": 0.0477004619878479,
      "critDMG_": 0.09573896386440267,
      "critRate_": 0.1032365152421319,
      "def_": 0.00603271185999948,
      "def": 0.0021452531398705047,
      "eleMas": 0.057029062762739335,
      "hp_": 0.03770661604736025,
      "hp": 0.015675516377599223,
      "atk": 0.00916608159762852
    },
    "def_": {
      "def": 0.0036685995614149135,
      "enerRech_": 0.00603271185999948,
      "atk_": 0.0011549696197484638,
      "critDMG_": 0.0064032555841589305,
      "critRate_": 0.007909266626795294,
      "atk": 0.0002947014414367562,
      "eleMas": 0.00029903528616376734,
      "hp_": 0.0007584228272269461,
      "hp": 0.0004312175503376065
    },
    "def": {
      "def_": 0.0036685995614149135,
      "enerRech_": 0.0021452531398705047,
      "atk_": 0.000340206811070373,
      "critDMG_": 0.0023619453762210607,
      "critRate_": 0.0031767081848991514,
      "atk": 0.0004940582988792677,
      "hp_": 0.00050272598833329,
      "hp": 0.0005352298237858734,
      "eleMas": 0.0001365161089008503
    },
    "hp_": {
      "hp": 0.019573809709545725,
      "critRate_": 0.028024806927217413,
      "critDMG_": 0.02493694255922199,
      "atk_": 0.008325315720588363,
      "atk": 0.002034740099331721,
      "enerRech_": 0.03770661604736025,
      "eleMas": 0.015881374002132253,
      "def": 0.00050272598833329,
      "def_": 0.0007584228272269461
    },
    "hp": {
      "hp_": 0.019573809709545725,
      "critRate_": 0.007787918974438984,
      "critDMG_": 0.006238569484532508,
      "atk_": 0.002769326780560106,
      "atk": 0.0030921982127224347,
      "eleMas": 0.007075001516845655,
      "enerRech_": 0.015675516377599223,
      "def": 0.0005352298237858734,
      "def_": 0.0004312175503376065
    },
    "eleMas": {
      "critRate_": 0.06403472276395282,
      "critDMG_": 0.06115921678758093,
      "atk_": 0.02623926289968883,
      "enerRech_": 0.057029062762739335,
      "hp_": 0.015881374002132253,
      "hp": 0.007075001516845655,
      "atk": 0.004951417600610205,
      "def_": 0.00029903528616376734,
      "def": 0.0001365161089008503
    }
  }
}
